[{"id":"9db983dcef3afebab8498bd4fb","class":"sheet","title":"画布 1","rootTopic":{"id":"b9aa22deba98b3b20c7ac8aca2","class":"topic","title":"流体大作业","structureClass":"org.xmind.ui.map.unbalanced","children":{"attached":[{"id":"b58888b5ceebbf0e68dada0656","title":"湍流","children":{"attached":[{"title":"转捩前","id":"622d7ace-f4c8-4682-8469-3c77dcf82823","children":{"attached":[{"title":"Stokes波","id":"1d8f1021-55e6-4f20-9b13-3a7e70096f5e","children":{"attached":[{"title":"处理框架","id":"f789264e-895c-4eb4-a788-00c75ad7ae97","children":{"attached":[{"title":"GLM","id":"d9757113-2685-40ca-ade7-739811197ec0","children":{"attached":[{"title":"非线性方程","id":"e8a946cb-9aec-4f4d-b011-d6276e7bfcc9","children":{"attached":[{"id":"412ff8e9-cc96-49cc-bb7b-ce8a03ae774d","title":"Korteweg–de Vries equation — describes the forward propagation of weakly nonlinear and dispersive waves, for long waves with λ > 7 h."},{"id":"eb325c80-f723-49ae-ab67-17025d10e6bf","title":"Shallow water equations — are also nonlinear and do have amplitude dispersion, but no frequency dispersion; they are valid for very long waves, λ > 20 h."},{"id":"149df6f5-4184-40c0-a3fa-65184358675c","title":"Boussinesq equations — have the same range of validity as the KdV equation (in their classical form), but allow for wave propagation in arbitrary directions, so not only forward-propagating waves. The drawback is that the Boussinesq equations are often more difficult to solve than the KdV equation; and in many applications wave reflections are small and may be neglected."},{"id":"61cef35b-e76b-43cc-b7e5-e69a57460204","title":"Airy wave theory — has full frequency dispersion, so valid for arbitrary depth and wavelength, but is a linear theory without amplitude dispersion, limited to low-amplitude waves."},{"id":"24ed3a46-aff4-402b-8a4b-a041e8b810c3","title":"Stokes' wave theory — a perturbation-series approach to the description of weakly nonlinear and dispersive waves, especially successful in deeper water for relative short wavelengths, as compared to the water depth. However, for long waves the Boussinesq approach—as also applied in the KdV equation—is often preferred. This is because in shallow water the Stokes' perturbation series needs many terms before convergence towards the solution, due to the peaked crests and long flat troughs of the nonlinear waves. While the KdV or Boussinesq models give good approximations for these long nonlinear waves."}]},"structureClass":"org.xmind.ui.fishbone.leftHeaded","extensions":[{"provider":"org.xmind.ui.spreadsheet","content":[{"name":"columns","content":[{"name":"column","content":""}]}]}]},{"title":"原工作","id":"492d0705-116a-4f91-8f67-4ef7ef655412","href":"http://www.damtp.cam.ac.uk/user/mem/andrews-mcintyre-glm-jfm78.pdf"},{"title":"波作用量 | 浸渐不变量","id":"d4e07e46-85b3-4a53-ae0a-ede3e02869ac","href":"https://en.wikipedia.org/wiki/Wave_action_(continuum_mechanics)"}]},"href":"https://en.wikipedia.org/wiki/Generalized_Lagrangian_mean"}]}},{"title":"Stokes Drift","id":"2fa8fad7-4a8f-4cd5-8d46-faec176ba78d","extensions":[{"provider":"org.xmind.ui.mathJax","content":{"content":"\\bar{u}_\\text{S} = \\frac{4\\pi^2A^2}{\\lambda T}\\mathrm{e}^{4\\pi \\frac{z}{\\lambda}}"}}],"image":{"src":"xap:resources/10800e2aff19fd28f05d388fbe1fc6a77986b989b1b4ba52144fbbf9a396ef25.png","width":174.20703125,"height":68.69140625,"isMathJaxImage":true},"href":"https://en.wikipedia.org/wiki/Stokes_drift","children":{"attached":[{"title":"推导","id":"416b95ef-7bef-4cee-a5e5-2ce7c28934f1","image":{"src":"xap:resources/18ec196808ca004609aac10f656dd44b7421413733fb8a38edaf9c0e696c6782.png","width":505,"height":267}}]}}]},"href":"https://en.wikipedia.org/wiki/Stokes_wave","image":{"src":"xap:resources/e0bdde016a9c2c07d699e08e43c427bc069a1d659f2cdfb5bbc4ea1dddd68e3c.png"}},{"title":"Airy波 | 线性波理论","id":"a0cd6d16-3cbb-4b4b-82d2-0610a00ca2df"}]}},{"title":"转捩过程","id":"bc7390b1-41f2-4075-8e49-286c917a0e66","children":{"attached":[{"title":"调制不稳定性","id":"8fa8dad5-9207-454c-a12f-b273d94faf74","href":"https://en.wikipedia.org/wiki/Modulational_instability","children":{"attached":[{"id":"c2a13d5d-6d76-4a99-a873-65524c58e3a8","title":"Benjamin−Feir 不稳定性","children":{"attached":[{"title":"原工作","id":"cbf8fa59-26f8-422a-984a-ed8eb4b2e31d","children":{"attached":[{"title":"原因：反常群速度色散","id":"04dcebc1-7289-4ce7-9e37-b59d8e9cd42e"}]},"href":"https://royalsocietypublishing.org/doi/pdf/10.1098/rspa.1967.0123"},{"title":"Fermi–Pasta–Ulam 重现","id":"9842f09d-249d-4977-8fc2-0dca8001a140","href":"https://arxiv.org/abs/1605.05080"},{"title":"二维情况","id":"2b24a1f3-931c-4b44-96c4-fce3f615a2f3","href":"https://www.sciencedirect.com/science/article/pii/S0898122112005810"}]},"href":"https://encyclopediaofmath.org/wiki/Benjamin-Feir_instability"},{"title":"控制方程：非线性薛定谔","id":"1cc32202-1463-4d4f-aa26-54983eb0e6da","extensions":[{"provider":"org.xmind.ui.mathJax","content":{"content":"i A_{,t} + A_{,,x}+ 2\\left|A\\right|^2A = 0"}}],"image":{"src":"xap:resources/4f0309db28318db56bcb67ce58b1c7708912de773200a11ccb034ee192bf3fc2.png","width":250.12109375,"height":47.22265625,"isMathJaxImage":true},"href":"https://encyclopediaofmath.org/wiki/Benjamin-Feir_instability#References"}]}},{"title":"Cross-wave 不稳定性 | 表面张力引起","id":"373f8dc8-ae3f-4290-b192-92acf92f6fc6","href":"http://www.fast.u-psud.fr/~moisy/sgbos/crosswaves.php","children":{"attached":[{"title":"观察方法 FS-SS","id":"49324a32-42b9-45ff-a9dc-140379d892c6","href":"http://www.fast.u-psud.fr/~moisy/papers/mrs_eif09.pdf","children":{"attached":[{"title":"教程","id":"0218418a-307a-40f7-b753-05318daff24c","href":"http://www.fast.u-psud.fr/~moisy/sgbos/tutorial.php"},{"title":"应用","id":"9746d696-97f3-4ac4-908a-1fc62fd5206e","href":"http://www.fast.u-psud.fr/~moisy/sgbos/applications.php"}]}},{"title":"完全淹没起振器的实验和理论","id":"1e8a864a-9b93-4da4-8696-38c83f489193","href":"http://www.fast.u-psud.fr/~moisy/papers/2012_moisy_pof.pdf"}]},"image":{"src":"xap:resources/8b43a5c50c6fd5f54b26759b98de5e49f3e58cd49afa8a01fe6b50f2861e01f9.jpg"}}]}},{"title":"转捩后","id":"68981a19-5f78-49df-94b3-eb0258ea963a","children":{"attached":[{"title":"能量级联","id":"9fcd1257-9429-45a5-9f4c-400439e186f3","href":"https://en.wikipedia.org/wiki/Energy_cascade"},{"title":"反向能量级联","id":"e4e08146-4091-4160-9a65-c3baf88c5a13","href":"http://personalpages.to.infn.it/~smusacch/tesi/node15.html"},{"title":"涡流","id":"fa1cee05-de81-4291-94b3-46f7f8b6adcb","href":"https://en.wikipedia.org/wiki/Eddy_(fluid_dynamics)"}]}}]}},{"id":"193b56735e689ae86a01d91513","title":"参考","children":{"attached":[{"title":"湍流","id":"33098e47-f115-4637-a470-f15b9128eb63","children":{"attached":[{"title":"三位湍流","id":"ecbb3092-dbf7-4073-a6c0-aa7914bb083a","children":{"attached":[{"title":"统计性质","id":"b214b860-29d8-47c0-a8d2-d638bd6d22c5"}]}},{"title":"二维湍流","id":"be1b82df-2637-4bc4-9e41-b5838372921e"}]}},{"title":"法拉第波","id":"620fa103-d128-40e2-a94a-895006e48eee"},{"title":"原工作","id":"acc9d5b0-3db1-4fc0-930d-82e32d28ab9a","href":"https://www.nature.com/articles/nphys3041.pdf","children":{"attached":[{"title":"特点","id":"b1ecae17-ae69-4e98-b7a1-74513537b462","children":{"attached":[{"title":"对长波(重力波)和短波(表面力波)都有效","id":"16c13530-3a7f-448f-822b-1bfa2d3e54d3","children":{"attached":[{"title":"大尺度结构相同","id":"5ae70257-989a-4fcf-9460-44a506bea412"}]}},{"title":"提高黏度可抑制涡结构","id":"0fe65525-d204-42e5-a11a-5ad42c8a47c8","children":{"attached":[{"title":"加入蔗糖","id":"c9aacc06-a081-48ff-9ba8-33bc7afcd94d"}]}}]},"structureClass":"org.xmind.ui.fishbone.leftHeaded"},{"title":"子主题 2","titleUnedited":true,"id":"736e8ff2-ac74-432f-83ab-2d73607a145a"}]}},{"title":"FAST","id":"5a75db9c-d260-4bf7-9225-e2edf3fea10c","href":"http://www.fast.u-psud.fr/"}]}},{"id":"67ddbcb1-85c9-4478-a0aa-580e9fdcd971","title":"实验"},{"title":"报告","id":"b9684356-5641-4d48-9fea-3c72c8b92a5d"},{"title":"演示","id":"c188ebeb-4a29-4523-a491-feebaf316dcb"}]},"extensions":[{"content":[{"content":"3","name":"right-number"}],"provider":"org.xmind.ui.map.unbalanced"}]},"theme":{"id":"6518e97a4149b5f96691ab3b5d","importantTopic":{"type":"topic","properties":{"fo:font-weight":"bold","fo:color":"#333333","svg:fill":"#FFFF00"}},"minorTopic":{"type":"topic","properties":{"fo:font-weight":"bold","fo:color":"#333333","svg:fill":"#FFCB88"}},"expiredTopic":{"type":"topic","properties":{"fo:font-style":"italic","fo:text-decoration":" line-through"}},"centralTopic":{"properties":{"fo:font-family":"NeverMind","fo:font-weight":"600","fo:font-style":"normal","fo:font-size":"28pt","shape-class":"org.xmind.topicShape.roundedRect","svg:fill":"#0288D1","line-class":"org.xmind.branchConnection.curve","line-width":"2","line-color":"#333333","border-line-width":"0"},"styleId":"9a94e1a0-7e67-48df-a231-7fa0c60b7b97","type":"topic"},"boundary":{"properties":{"fo:font-family":"NeverMind","fo:color":"#FFFFFF","fo:font-weight":"500","svg:fill":"#D5E9FC","shape-class":"org.xmind.boundaryShape.roundedRect","line-pattern":"dash","line-color":"#0288D1","fo:font-style":"normal","fo:font-size":"13pt"},"styleId":"94a6c549-690c-4f1e-b18f-457f114abcb0","type":"boundary"},"floatingTopic":{"properties":{"fo:font-family":"NeverMind","fo:font-weight":"600","fo:font-size":"13pt","shape-class":"org.xmind.topicShape.roundedRect","svg:fill":"#333333","fo:font-style":"normal","fo:color":"#FFFFFF","border-line-width":"0","border-line-color":"none","line-class":"org.xmind.branchConnection.roundedElbow","line-width":"1","line-color":"#333333"},"styleId":"8286b472-0630-4970-8bf1-510a831dc2b9","type":"topic"},"subTopic":{"properties":{"fo:font-weight":"500","fo:text-align":"left","fo:font-family":"NeverMind","line-class":"org.xmind.branchConnection.roundedElbow","fo:font-style":"normal","fo:font-size":"13pt","fo:color":"#333333","svg:fill":"none","shape-class":"org.xmind.topicShape.underline"},"styleId":"ddd92ae3-f2b4-48ee-9e47-2dacee6acac4","type":"topic"},"mainTopic":{"properties":{"fo:font-weight":"600","fo:font-family":"NeverMind","fo:font-style":"normal","fo:font-size":"20pt","fo:text-align":"left","line-class":"org.xmind.branchConnection.roundedElbow","line-width":"1","line-color":"#333333","border-line-width":"2","border-line-color":"#333333"},"styleId":"7565fe37-2200-4483-b343-91bdf53e563e","type":"topic"},"calloutTopic":{"properties":{"fo:font-family":"NeverMind","fo:font-weight":"600","fo:font-style":"normal","callout-shape-class":"org.xmind.calloutTopicShape.balloon.roundedRect","fo:font-size":"13pt","fo:color":"#FFFFFF"},"styleId":"9bffcc6a-0526-4db5-b304-ea3830a42846","type":"topic"},"summaryTopic":{"properties":{"fo:font-family":"NeverMind","fo:font-weight":"600","fo:font-size":"13pt","shape-class":"org.xmind.topicShape.roundedRect","svg:fill":"#333333","border-line-width":"1","border-line-color":"none","fo:font-style":"normal","line-class":"org.xmind.branchConnection.roundedElbow","line-width":"1","line-color":"#333333"},"styleId":"a82dc72d-29bc-4d81-bd44-3f1bee0ed35c","type":"topic"},"relationship":{"properties":{"fo:font-family":"NeverMind","fo:font-weight":"normal","line-color":"#0288D1","shape-class":"org.xmind.relationshipShape.curved","line-width":"2","fo:font-size":"13pt","fo:color":"#333333"},"styleId":"1611e291-8cc1-4500-93a5-69281d5bedf0","type":"relationship"},"map":{"type":"map","styleId":"7e90467a-d643-4fa9-84f2-f8f0166e5afb","properties":{}},"summary":{"type":"summary","styleId":"8aa88864-8667-4627-a763-a84973e0109b","properties":{"line-color":"#0288D1","shape-class":"org.xmind.summaryShape.round","line-width":"2"}}},"topicPositioning":"fixed","relationships":[]}]